<?xml version="1.0" encoding="UTF-8"?>
<files>
  <file name="Cash App Confirm ASAP SPAM email.jpg" source="original">
    <mtime>1632332249</mtime>
    <size>46616</size>
    <md5>9212b7498b0f72e6f8c7050cd97e1d90</md5>
    <crc32>5c598e5f</crc32>
    <sha1>790be56ecfa83bdef6b0896467a6ffea5da85bf8</sha1>
    <format>JPEG</format>
    <rotation>0</rotation>
  </file>
  <file name="Cash App Confirm ASAP SPAM email_thumb.jpg" source="derivative">
    <format>JPEG Thumb</format>
    <original>Cash App Confirm ASAP SPAM email.jpg</original>
    <mtime>1632332354</mtime>
    <size>6727</size>
    <md5>35ff89e419a81e27b973362bb9fdee56</md5>
    <crc32>68e5be94</crc32>
    <sha1>eb8e3b56dfdd5daeaf1036681b5e3eeefb26b354</sha1>
  </file>
  <file name="__ia_thumb.jpg" source="original">
    <mtime>1632332384</mtime>
    <size>5814</size>
    <md5>b17a007f7a15eca7140595167ca58a39</md5>
    <crc32>b5f1d1e1</crc32>
    <sha1>77dcfae99fa45c194754e13c3aa0bf2078942735</sha1>
    <format>Item Tile</format>
    <rotation>0</rotation>
  </file>
  <file name="cash-app-confirm-asap-spam-email_archive.torrent" source="metadata">
    <btih>c372cdd53445edbd442edfbfd9f1c52af805d452</btih>
    <mtime>1632332521</mtime>
    <size>2181</size>
    <md5>df98cf58af5f4fec0e2f20db28596315</md5>
    <crc32>612f76f0</crc32>
    <sha1>342a7b1e0356cad9ac53e2f68a7e78e3f241d847</sha1>
    <format>Archive BitTorrent</format>
  </file>
  <file name="cash-app-confirm-asap-spam-email_files.xml" source="original">
    <format>Metadata</format>
    <md5>7a9a4b5162a4e6015b11543e7e91ccea</md5>
    <summation>md5</summation>
  </file>
  <file name="cash-app-confirm-asap-spam-email_meta.sqlite" source="original">
    <mtime>1632332292</mtime>
    <size>20480</size>
    <md5>e601df56e34820c23e972bd655f9c4c3</md5>
    <crc32>79dba487</crc32>
    <sha1>d2c067b5c95412ab44d12d4183092975272b5f1d</sha1>
    <format>Metadata</format>
  </file>
  <file name="cash-app-confirm-asap-spam-email_meta.xml" source="original">
    <mtime>1632332520</mtime>
    <size>888</size>
    <md5>4fe6e6a9d529fc220256d7db737d09db</md5>
    <crc32>17de1f27</crc32>
    <sha1>88abcd1b6ec4fbb8ecd46c1f420791e9c0f8eff3</sha1>
    <format>Metadata</format>
  </file>
</files>
