<?xml version="1.0" encoding="UTF-8"?>
<metadata>
  <identifier>cash-app-confirm-asap-spam-email</identifier>
  <mediatype>image</mediatype>
  <collection>danieldteolijr</collection>
  <creator>DDTJRAC</creator>
  <description>Cash App Confirm ASAP SPAM Email</description>
  <licenseurl>http://creativecommons.org/publicdomain/mark/1.0/</licenseurl>
  <scanner>Internet Archive HTML5 Uploader 1.6.4</scanner>
  <subject>Cash App;Confirm ASAP;ransomware;SPAM;Email;phishing;D.D.Teoli Jr. A.C.;DDTJRAC</subject>
  <title>Cash App Confirm ASAP SPAM Email</title>
  <uploader>shiroplum1@gmail.com</uploader>
  <publicdate>2021-09-22 17:37:48</publicdate>
  <addeddate>2021-09-22 17:37:48</addeddate>
  <curation>[curator]validator@archive.org[/curator][date]20210922173827[/date][comment]checked for malware[/comment]</curation>
  <collection>additional_collections</collection>
</metadata>
